<?xml version="1.0" encoding="UTF-8"?>
<project-private xmlns="http://www.netbeans.org/ns/project-private/1">
    <editor-bookmarks xmlns="http://www.netbeans.org/ns/editor-bookmarks/2" lastBookmarkId="0"/>
    <open-files xmlns="http://www.netbeans.org/ns/projectui-open-files/2">
        <group>
            <file>file:/D:/Semester%204/Prak%20PBO/ProjekAkhirPrakPBO_017_033-main/Aplikasi%20Rental%20Kendaraan/src/controller/logincontroller.java</file>
            <file>file:/D:/Semester%204/Prak%20PBO/ProjekAkhirPrakPBO_017_033-main/Aplikasi%20Rental%20Kendaraan/src/view/frameAddKendaraan.java</file>
            <file>file:/D:/Semester%204/Prak%20PBO/ProjekAkhirPrakPBO_017_033-main/Aplikasi%20Rental%20Kendaraan/src/model/datapeminjaman.java</file>
            <file>file:/D:/Semester%204/Prak%20PBO/ProjekAkhirPrakPBO_017_033-main/Aplikasi%20Rental%20Kendaraan/src/DAOimplement/datakendaraanimplement.java</file>
            <file>file:/D:/Semester%204/Prak%20PBO/ProjekAkhirPrakPBO_017_033-main/Aplikasi%20Rental%20Kendaraan/src/model/modeltabeldatapengembalian.java</file>
            <file>file:/D:/Semester%204/Prak%20PBO/ProjekAkhirPrakPBO_017_033-main/Aplikasi%20Rental%20Kendaraan/src/view/framePengembalian.java</file>
            <file>file:/D:/Semester%204/Prak%20PBO/ProjekAkhirPrakPBO_017_033-main/Aplikasi%20Rental%20Kendaraan/src/model/modeltabeldatakendaraan.java</file>
            <file>file:/D:/Semester%204/Prak%20PBO/ProjekAkhirPrakPBO_017_033-main/Aplikasi%20Rental%20Kendaraan/src/DAOimplement/datapengembalianimplement.java</file>
            <file>file:/D:/Semester%204/Prak%20PBO/ProjekAkhirPrakPBO_017_033-main/Aplikasi%20Rental%20Kendaraan/src/model/login.java</file>
            <file>file:/D:/Semester%204/Prak%20PBO/ProjekAkhirPrakPBO_017_033-main/Aplikasi%20Rental%20Kendaraan/src/DAOdatarental/datakendaraanDAO.java</file>
            <file>file:/D:/Semester%204/Prak%20PBO/ProjekAkhirPrakPBO_017_033-main/Aplikasi%20Rental%20Kendaraan/src/view/view.java</file>
            <file>file:/D:/Semester%204/Prak%20PBO/ProjekAkhirPrakPBO_017_033-main/Aplikasi%20Rental%20Kendaraan/src/DAOdatarental/datapengembalianDAO.java</file>
            <file>file:/D:/Semester%204/Prak%20PBO/ProjekAkhirPrakPBO_017_033-main/Aplikasi%20Rental%20Kendaraan/src/view/frameRegister.java</file>
            <file>file:/D:/Semester%204/Prak%20PBO/ProjekAkhirPrakPBO_017_033-main/Aplikasi%20Rental%20Kendaraan/src/view/framePeminjaman.java</file>
            <file>file:/D:/Semester%204/Prak%20PBO/ProjekAkhirPrakPBO_017_033-main/Aplikasi%20Rental%20Kendaraan/src/DAOimplement/datapeminjamanimplement.java</file>
            <file>file:/D:/Semester%204/Prak%20PBO/ProjekAkhirPrakPBO_017_033-main/Aplikasi%20Rental%20Kendaraan/src/controller/datakendaraancontroller.java</file>
            <file>file:/D:/Semester%204/Prak%20PBO/ProjekAkhirPrakPBO_017_033-main/Aplikasi%20Rental%20Kendaraan/src/controller/datapeminjamancontroller.java</file>
            <file>file:/D:/Semester%204/Prak%20PBO/ProjekAkhirPrakPBO_017_033-main/Aplikasi%20Rental%20Kendaraan/src/controller/datapengembaliancontroller.java</file>
            <file>file:/D:/Semester%204/Prak%20PBO/ProjekAkhirPrakPBO_017_033-main/Aplikasi%20Rental%20Kendaraan/src/DAOdatarental/datapeminjamanDAO.java</file>
            <file>file:/D:/Semester%204/Prak%20PBO/ProjekAkhirPrakPBO_017_033-main/Aplikasi%20Rental%20Kendaraan/src/view/frameLogin.java</file>
            <file>file:/D:/Semester%204/Prak%20PBO/ProjekAkhirPrakPBO_017_033-main/Aplikasi%20Rental%20Kendaraan/src/model/datakendaraan.java</file>
            <file>file:/D:/Semester%204/Prak%20PBO/ProjekAkhirPrakPBO_017_033-main/Aplikasi%20Rental%20Kendaraan/src/view/frameUtama.java</file>
            <file>file:/D:/Semester%204/Prak%20PBO/ProjekAkhirPrakPBO_017_033-main/Aplikasi%20Rental%20Kendaraan/src/model/datapengembalian.java</file>
        </group>
    </open-files>
</project-private>
